{
	"format_version": "1.12.0",
	"minecraft:geometry": [
		{
			"description": {
				"identifier": "geometry.stuffed_pufferfish_stage1",
				"texture_width": 48,
				"texture_height": 48,
				"visible_bounds_width": 2,
				"visible_bounds_height": 2.5,
				"visible_bounds_offset": [0, 0.75, 0]
			},
			"bones": [
				{
					"name": "body",
					"pivot": [0, 0, 0],
					"cubes": [
						{
							"origin": [-5, 0, -5],
							"size": [10, 8, 10],
							"uv": {
								"north": {"uv": [9.99999, 24], "uv_size": [10.00002, 8.00001]},
								"east": {"uv": [0, 24], "uv_size": [9.99999, 8.00001]},
								"south": {"uv": [30, 24], "uv_size": [9.99999, 8.00001]},
								"west": {"uv": [20.00001, 24], "uv_size": [9.99999, 8.00001]},
								"up": {"uv": [9.99999, 14.00001], "uv_size": [10.00002, 9.99999]},
								"down": {"uv": [20.00001, 24], "uv_size": [9.99999, -9.99999]}
							}
						}
					]
				},
				{
					"name": "spikes",
					"parent": "body",
					"pivot": [0, 8, 0],
					"cubes": [
						{
							"origin": [7, 0, 0],
							"size": [1, 10, 0],
							"pivot": [0, 0, 0],
							"rotation": [0, 45, 0],
							"uv": {
								"north": {"uv": [5.00001, 32.00001], "uv_size": [0.99999, 9.99999]},
								"east": {"uv": [5.00001, 32.00001], "uv_size": [0, 9.99999]},
								"south": {"uv": [6, 32.00001], "uv_size": [0.99999, 9.99999]},
								"west": {"uv": [6, 32.00001], "uv_size": [0, 9.99999]},
								"up": {"uv": [5.00001, 32.00001], "uv_size": [0.99999, 0]},
								"down": {"uv": [6, 32.00001], "uv_size": [0.99999, 0]}
							}
						},
						{
							"origin": [0, 0, -8],
							"size": [0, 10, 1],
							"pivot": [0, 0, 0],
							"rotation": [0, 45, 0],
							"uv": {
								"north": {"uv": [6, 32.00001], "uv_size": [0, 9.99999]},
								"east": {"uv": [5.00001, 32.00001], "uv_size": [0.99999, 9.99999]},
								"south": {"uv": [6.99999, 32.00001], "uv_size": [0, 9.99999]},
								"west": {"uv": [6, 32.00001], "uv_size": [0.99999, 9.99999]},
								"up": {"uv": [6, 30.99999], "uv_size": [0, 1.00002]},
								"down": {"uv": [6, 32.00001], "uv_size": [0, -1.00002]}
							}
						},
						{
							"origin": [7, 0, 0],
							"size": [1, 10, 0],
							"pivot": [0, 0, 0],
							"rotation": [0, -45, 0],
							"uv": {
								"north": {"uv": [5.00001, 32.00001], "uv_size": [0.99999, 9.99999]},
								"east": {"uv": [5.00001, 32.00001], "uv_size": [0, 9.99999]},
								"south": {"uv": [6, 32.00001], "uv_size": [0.99999, 9.99999]},
								"west": {"uv": [6, 32.00001], "uv_size": [0, 9.99999]},
								"up": {"uv": [5.00001, 32.00001], "uv_size": [0.99999, 0]},
								"down": {"uv": [6, 32.00001], "uv_size": [0.99999, 0]}
							}
						},
						{
							"origin": [-8, 0, 0],
							"size": [1, 10, 0],
							"pivot": [0, 0, 0],
							"rotation": [0, 45, 0],
							"uv": {
								"north": {"uv": [0.99999, 32.00001], "uv_size": [1.00002, 9.99999]},
								"east": {"uv": [0.99999, 32.00001], "uv_size": [0, 9.99999]},
								"south": {"uv": [2.00001, 32.00001], "uv_size": [0.99999, 9.99999]},
								"west": {"uv": [2.00001, 32.00001], "uv_size": [0, 9.99999]},
								"up": {"uv": [0.99999, 32.00001], "uv_size": [1.00002, 0]},
								"down": {"uv": [2.00001, 32.00001], "uv_size": [0.99999, 0]}
							}
						}
					]
				},
				{
					"name": "fins",
					"parent": "body",
					"pivot": [4, 7, -2],
					"cubes": [
						{
							"origin": [-4.5, 9.25, -1.99],
							"size": [3, 0, 2],
							"pivot": [0, 0, 0],
							"rotation": [0, 0, -22.5],
							"uv": {
								"north": {"uv": [33, 17.00001], "uv_size": [-3, 0]},
								"east": {"uv": [35.00001, 17.00001], "uv_size": [-2.00001, 0]},
								"south": {"uv": [38.00001, 17.00001], "uv_size": [-3, 0]},
								"west": {"uv": [30, 17.00001], "uv_size": [-2.00001, 0]},
								"up": {"uv": [33, 15], "uv_size": [-3, 2.00001]},
								"down": {"uv": [36, 17.00001], "uv_size": [-3, -2.00001]}
							}
						},
						{
							"origin": [1.5, 9.25, -2.99],
							"size": [3, 0, 2],
							"pivot": [0, 0, 0],
							"rotation": [0, 0, 22.5],
							"uv": {
								"north": {"uv": [30, 17.00001], "uv_size": [3, 0]},
								"east": {"uv": [27.99999, 17.00001], "uv_size": [2.00001, 0]},
								"south": {"uv": [35.00001, 17.00001], "uv_size": [3, 0]},
								"west": {"uv": [33, 17.00001], "uv_size": [2.00001, 0]},
								"up": {"uv": [30, 15], "uv_size": [3, 2.00001]},
								"down": {"uv": [33, 17.00001], "uv_size": [3, -2.00001]}
							}
						}
					]
				},
				{
					"name": "bone",
					"pivot": [8, 0, -8],
					"cubes": [
						{
							"origin": [-4, 8, -4],
							"size": [8, 2, 8],
							"uv": {
								"north": {"uv": [24, 45.99999], "uv_size": [8.00001, 2.00001]},
								"east": {"uv": [15.99999, 45.99999], "uv_size": [8.00001, 2.00001]},
								"south": {"uv": [39.99999, 45.99999], "uv_size": [8.00001, 2.00001]},
								"west": {"uv": [32.00001, 45.99999], "uv_size": [7.99998, 2.00001]},
								"up": {"uv": [24, 38.00001], "uv_size": [8.00001, 7.99998]},
								"down": {"uv": [32.00001, 45.99999], "uv_size": [7.99998, -7.99998]}
							}
						}
					]
				}
			]
		}
	]
}