{
	"format_version": "1.12.0",
	"minecraft:geometry": [
		{
			"description": {
				"identifier": "geometry.stuffed_pufferfish_stage3",
				"texture_width": 48,
				"texture_height": 48,
				"visible_bounds_width": 2,
				"visible_bounds_height": 1.5,
				"visible_bounds_offset": [0, 0.25, 0]
			},
			"bones": [
				{
					"name": "body",
					"pivot": [0, 0, 0],
					"cubes": [
						{
							"origin": [-5, 0, -5],
							"size": [10, 4, 10],
							"uv": {
								"north": {"uv": [9.99999, 27.99999], "uv_size": [10.00002, 4.00002]},
								"east": {"uv": [0, 27.99999], "uv_size": [9.99999, 4.00002]},
								"south": {"uv": [30, 27.99999], "uv_size": [9.99999, 4.00002]},
								"west": {"uv": [20.00001, 27.99999], "uv_size": [9.99999, 4.00002]},
								"up": {"uv": [9.99999, 18], "uv_size": [10.00002, 9.99999]},
								"down": {"uv": [20.00001, 27.99999], "uv_size": [9.99999, -9.99999]}
							}
						}
					]
				},
				{
					"name": "bone",
					"pivot": [8, 0, -8],
					"cubes": [
						{
							"origin": [-4, 4, -4],
							"size": [8, 1, 8],
							"uv": {
								"north": {"uv": [24, 45.99999], "uv_size": [8.00001, 1.00002]},
								"east": {"uv": [15.99999, 45.99999], "uv_size": [8.00001, 1.00002]},
								"south": {"uv": [39.99999, 45.99999], "uv_size": [8.00001, 1.00002]},
								"west": {"uv": [32.00001, 45.99999], "uv_size": [7.99998, 1.00002]},
								"up": {"uv": [24, 38.00001], "uv_size": [8.00001, 7.99998]},
								"down": {"uv": [32.00001, 45.99999], "uv_size": [7.99998, -7.99998]}
							}
						}
					]
				}
			]
		}
	]
}